{
  "waterfall": {
    "total_revenue": 319616103.3333334,
    "shares": {
      "base": 0.7273920115876377,
      "tv_S": 0.08143213330530626,
      "ooh_S": 0.022234319797141425,
      "print_S": 0.019947586317834214,
      "facebook_S": 0.003950493876803861,
      "search_S": 0.14504345511527672
    }
  },
  "roas": {
    "tv_S": {
      "incremental_revenue": 26027021.133162543,
      "total_spend": 2815042.7733333325,
      "roas": 9.245692953483465
    },
    "ooh_S": {
      "incremental_revenue": 7106446.653829534,
      "total_spend": 8676913.066666666,
      "roas": 0.819006321629491
    },
    "print_S": {
      "incremental_revenue": 6375569.809811487,
      "total_spend": 674944.2222222224,
      "roas": 9.44606917119791
    },
    "facebook_S": {
      "incremental_revenue": 1262641.4591462435,
      "total_spend": 362358.190137094,
      "roas": 3.484511992590916
    },
    "search_S": {
      "incremental_revenue": 46358223.93794799,
      "total_spend": 905773.3333333331,
      "roas": 51.18082221226944
    }
  }
}